Model,Overall,AmazonCounterfactualClassification (en),AmazonPolarityClassification,AmazonReviewsClassification (en),Banking77Classification,EmotionClassification,ImdbClassification,MTOPDomainClassification (en),MTOPIntentClassification (en),MassiveIntentClassification (en),MassiveScenarioClassification (en),ToxicConversationsClassification,TweetSentimentExtractionClassification,ArxivClusteringP2P,ArxivClusteringS2S,BiorxivClusteringP2P,BiorxivClusteringS2S,MedrxivClusteringP2P,MedrxivClusteringS2S,RedditClustering,RedditClusteringP2P,StackExchangeClustering,StackExchangeClusteringP2P,TwentyNewsgroupsClustering,SprintDuplicateQuestions,TwitterSemEval2015,TwitterURLCorpus,AskUbuntuDupQuestions,MindSmallReranking,SciDocsRR,StackOverflowDupQuestions,ArguAna,CQADupstackRetrieval,ClimateFEVER,DBPedia,FEVER,FiQA2018,HotpotQA,MSMARCO,NFCorpus,NQ,QuoraRetrieval,SCIDOCS,SciFact,TRECCOVID,Touche2020,BIOSSES,SICK-R,STS12,STS13,STS14,STS15,STS16,STS17 (en-en),STS22 (en),STSBenchmark,SummEval
nvidia/NV-Embed-v1,69.31857142857142,95.12,97.14,55.47,90.34,91.7,97.06,96.51,89.77,80.07,81.74,92.6,80.64,53.76,49.59,48.15,44.74,39.24,36.98,63.2,68.01,74.99,42.04,60.13,95.94,78.73,86.05,67.5,30.82,87.26,56.58,68.2,50.51,34.72,48.29,87.77,63.1,79.92,46.49,38.04,71.22,89.21,20.19,78.43,85.88,28.38,85.59,82.8,76.22,86.3,82.09,87.24,84.77,87.42,69.85,86.14,31.2
voyage-large-2-instruct,68.2792857142857,77.6,96.58,50.77,86.96,59.81,96.13,98.86,86.97,81.08,87.95,83.58,71.55,51.81,44.73,46.07,40.64,42.94,41.44,68.5,64.86,74.16,45.1,66.62,94.5,86.32,86.9,64.92,30.97,89.34,55.11,64.06,46.6,32.65,46.03,91.47,59.76,70.86,40.6,40.32,65.92,87.4,24.32,79.99,85.07,39.16,89.12,83.16,76.15,88.49,86.49,91.13,85.68,90.06,66.32,89.22,30.84
Linq-AI-Research/Linq-Embed-Mistral,68.17446428571428,84.43,95.7,57.64,87.88,51.82,94.78,96.83,89.57,82.67,85.01,71.29,64.76,51.48,47.3,42.73,39.58,37.84,36.65,61.52,68.24,76.94,46.04,57.3,96.11,81.52,87.42,66.82,32.06,86.4,55.89,69.65,47.27,39.11,51.32,92.42,61.2,76.24,45.21,41.62,70.63,90.27,21.93,78.32,87.1,30.61,86.4,84.31,78.44,88.27,84.49,90.28,87.37,92.68,68.62,88.81,30.98
Salesforce/SFR-Embedding-Mistral,67.55696428571427,77.93,95.97,54.35,88.81,50.24,94.79,96.36,86.3,79.99,82.2,69.33,63.64,52.08,47.38,43.94,41.14,40.03,39.0,59.9,67.64,74.25,46.78,56.27,96.31,81.52,87.78,67.58,32.72,86.58,55.68,67.17,46.49,36.41,49.06,89.35,60.4,77.02,43.41,41.88,69.92,89.78,19.91,77.66,87.6,29.0,86.07,82.92,79.47,89.15,84.93,90.74,87.82,92.02,68.36,89.0,31.16
gte-Qwen1.5-7B-instruct,67.34374999999999,83.16,96.7,62.17,81.68,54.53,95.58,95.75,84.26,78.47,78.19,78.75,66.0,56.4,51.45,49.01,45.06,44.37,42.0,73.37,72.51,79.07,49.57,51.31,95.99,79.36,86.79,66.0,32.71,87.89,53.93,62.65,40.64,44.0,48.04,93.35,55.31,72.25,41.68,38.25,61.79,89.61,27.69,75.31,72.72,20.3,81.12,79.15,76.52,88.63,83.32,87.5,86.39,87.79,66.4,87.35,31.46
Alibaba-NLP/gte-Qwen1.5-7B-instruct,67.34357142857142,83.16,96.7,62.17,81.68,54.53,95.58,95.75,84.26,78.47,78.19,78.75,66.0,56.4,51.45,49.01,45.06,44.37,42.0,73.37,72.51,79.07,49.57,51.31,95.99,79.36,86.79,66.0,32.71,87.89,53.93,62.64,40.64,44.0,48.05,93.34,55.31,72.25,41.68,38.25,61.79,89.61,27.69,75.31,72.72,20.3,81.12,79.15,76.52,88.63,83.32,87.5,86.39,87.79,66.4,87.35,31.46
voyage-lite-02-instruct,67.12696428571427,88.31,96.32,56.25,88.59,50.28,95.75,97.65,75.16,73.97,83.99,81.75,62.98,51.95,42.48,50.15,42.84,47.24,43.48,63.73,64.09,70.71,40.34,59.56,98.07,74.44,88.11,63.24,31.48,84.68,53.56,70.28,46.2,31.95,39.79,91.35,52.51,75.51,37.93,43.7,64.26,87.62,20.24,79.91,81.02,26.8,89.7,78.44,86.46,87.76,86.6,90.1,86.39,86.98,76.89,88.56,31.01
GritLM/GritLM-7B,66.76339285714283,81.18,96.52,57.81,88.47,52.81,95.0,96.16,87.13,80.78,82.09,70.8,64.78,51.67,48.11,40.87,39.8,36.52,36.8,61.3,67.26,77.33,41.33,55.7,93.0,81.08,87.4,67.34,31.81,86.84,55.96,63.24,49.42,30.91,46.6,82.74,59.95,79.4,41.96,40.89,70.3,89.47,24.41,79.17,74.8,27.93,86.35,83.13,77.34,85.04,82.91,88.13,86.24,90.13,68.63,85.64,30.37
intfloat/e5-mistral-7b-instruct,66.63339285714285,78.69,95.91,55.79,88.23,49.77,94.78,96.12,86.11,80.57,82.39,69.59,63.72,50.45,45.5,43.53,40.24,38.19,37.45,57.71,66.49,73.1,45.91,54.31,95.66,81.62,87.75,66.98,32.6,86.33,54.91,61.88,42.97,38.35,48.89,87.84,56.59,75.72,43.06,38.62,63.53,89.61,16.3,76.41,87.25,26.39,85.55,82.64,79.66,88.43,84.54,90.43,87.68,91.75,66.98,88.6,31.4
google-gecko.text-embedding-preview-0409,66.31357142857141,75.34,97.34,51.17,88.62,52.51,95.65,98.35,83.43,80.22,87.19,89.67,74.52,46.27,38.36,37.87,35.67,33.11,31.54,65.81,66.62,74.52,37.63,54.87,96.26,79.04,87.53,64.4,33.07,83.59,54.56,62.18,48.89,33.21,47.12,86.96,59.24,71.33,32.58,40.33,61.28,88.18,20.34,75.42,82.62,25.86,89.46,81.93,77.59,90.36,85.25,89.66,87.34,92.06,68.02,88.99,32.63
GritLM/GritLM-8x7B,65.65678571428573,80.48,96.32,57.18,87.46,50.06,94.32,95.29,87.08,79.72,81.09,70.89,62.48,50.72,48.01,41.41,38.67,36.54,37.24,63.01,65.86,74.41,38.52,57.16,91.24,77.21,86.45,65.6,32.84,86.43,54.33,59.49,47.63,28.69,46.54,85.02,49.89,73.83,35.55,39.05,63.87,87.7,23.06,77.02,81.07,27.97,87.34,80.56,73.69,85.82,82.05,88.8,86.2,91.46,69.21,87.43,29.82
Alibaba-NLP/gte-large-en-v1.5,65.39053571428572,73.01,93.97,54.2,87.33,46.77,92.1,96.6,82.9,78.94,81.41,82.61,63.16,48.47,43.39,40.58,37.94,35.04,32.94,59.76,68.03,71.27,39.18,50.91,94.16,75.25,84.18,63.13,31.46,86.93,52.48,72.11,42.16,48.36,46.3,93.81,63.23,68.18,42.93,36.95,56.08,89.67,26.35,82.43,77.49,22.55,85.39,79.78,73.88,85.08,79.61,86.15,81.6,89.11,70.59,83.07,30.91
LLM2Vec-Meta-Llama-3-supervised,65.00571428571429,79.94,86.07,46.84,88.05,51.2,82.94,96.14,86.11,79.8,81.52,70.59,61.9,44.27,46.85,32.35,36.7,30.71,32.96,61.72,63.98,72.74,32.26,56.41,95.09,81.73,86.56,65.19,32.67,86.05,54.82,62.78,48.25,34.27,48.34,90.2,55.33,71.76,43.24,41.83,64.21,87.16,22.96,78.22,80.34,20.5,84.92,83.94,79.27,84.83,82.94,88.09,86.54,89.58,67.67,88.05,30.94
LLM2Vec-Mistral-supervised,64.80178571428569,77.58,91.12,49.97,88.31,52.04,87.42,96.04,84.77,79.29,81.64,69.26,62.14,42.81,44.24,34.27,35.53,31.07,31.27,60.24,64.12,70.73,34.5,52.18,96.82,80.6,86.56,63.98,31.5,83.8,54.41,57.48,48.84,35.19,49.58,89.4,53.11,74.07,42.17,39.33,61.7,87.75,22.5,78.86,77.69,22.18,85.24,83.7,78.8,86.37,84.04,88.99,87.22,90.19,67.68,88.65,29.96
jspringer/echo-mistral-7b-instruct-lasttoken,64.68374999999999,82.97,90.98,48.71,88.15,52.18,87.42,96.16,85.75,79.67,82.82,71.91,62.4,47.02,43.52,35.53,35.34,30.27,29.67,61.77,66.01,72.04,35.29,53.04,94.59,79.93,87.5,64.13,32.92,83.68,51.84,58.52,46.91,34.56,46.83,91.22,54.51,76.41,43.25,39.55,62.31,89.34,20.17,73.99,76.66,18.52,86.54,83.23,76.13,83.19,80.6,87.16,85.16,90.88,67.04,85.67,30.73
mixedbread-ai/mxbai-embed-large-v1,64.68303571428574,75.04,93.84,49.18,87.82,50.88,92.83,93.95,76.79,76.24,79.95,71.48,59.71,48.97,42.98,39.92,36.73,33.44,31.66,60.22,65.29,65.62,35.78,53.21,96.82,78.55,86.23,65.16,32.54,87.53,55.22,66.02,41.6,36.09,44.51,86.91,45.27,72.03,41.26,38.64,55.79,88.98,23.32,74.73,75.57,25.2,88.41,82.92,78.76,90.35,85.46,89.62,86.58,89.5,69.34,89.1,32.71
WhereIsAI/UAE-Large-V1,64.63571428571429,75.55,92.84,48.29,87.69,51.75,92.78,94.02,76.92,76.5,79.75,71.09,59.75,49.03,43.09,39.38,37.23,33.22,31.18,60.52,65.35,66.54,36.72,51.72,97.24,78.17,86.33,64.2,32.51,87.49,55.32,66.15,40.93,38.53,44.89,88.24,44.84,73.13,41.4,38.65,55.86,89.02,22.98,74.07,76.33,24.93,86.14,82.62,79.09,89.62,85.02,89.51,86.61,88.99,68.79,89.06,32.03
text-embedding-3-large,64.58964285714285,78.93,92.85,48.7,85.69,51.58,87.67,95.36,75.07,74.64,79.79,72.92,62.22,49.01,44.45,38.03,36.53,32.7,31.27,67.84,67.96,76.26,36.88,58.14,92.25,77.13,87.78,65.03,29.86,86.66,55.08,58.05,47.54,30.27,44.76,87.94,55.0,71.58,40.24,42.07,61.27,89.05,23.11,77.77,79.56,23.35,84.68,79.0,72.84,86.1,81.15,88.49,85.08,90.22,66.14,83.56,29.92
voyage-lite-01-instruct,64.49160714285712,71.43,96.41,57.06,81.64,48.29,95.49,96.3,67.93,71.29,76.74,75.45,59.44,47.92,42.42,38.72,36.6,34.04,32.81,61.56,65.35,70.16,38.23,53.56,96.01,76.87,86.84,65.77,31.69,87.03,54.49,58.73,45.11,37.47,43.42,89.71,44.79,70.46,39.66,43.33,60.65,87.83,23.19,73.64,78.92,36.83,84.85,79.71,77.09,88.91,82.08,89.21,84.74,90.73,62.1,89.86,30.97
Cohere/Cohere-embed-english-v3.0,64.47428571428571,81.3,95.62,51.72,85.53,51.57,93.57,94.88,76.52,73.84,78.74,72.61,62.02,49.17,42.18,40.96,37.25,37.41,33.39,58.46,66.35,68.42,37.51,50.64,96.25,74.8,86.46,61.7,32.67,85.2,52.48,61.52,41.53,38.43,43.36,88.97,42.19,70.72,42.93,38.57,61.56,88.72,20.31,71.83,81.92,32.42,83.5,81.27,74.37,85.2,80.98,89.23,86.32,90.34,66.42,88.55,30.18
intfloat/multilingual-e5-large-instruct,64.40767857142858,76.24,96.29,56.72,85.73,51.51,94.6,93.93,82.46,77.06,80.47,71.06,64.62,46.4,40.49,40.94,36.28,36.93,35.54,56.6,64.27,66.85,42.46,51.33,91.18,80.27,87.12,63.89,33.09,85.87,51.45,58.38,42.71,29.86,38.36,77.99,47.71,69.32,40.43,35.53,57.75,89.15,18.72,71.85,82.0,27.25,86.96,81.73,82.57,87.15,84.97,91.05,87.31,90.03,67.63,88.38,30.39
google-gecko-256.text-embedding-preview-0409,64.37142857142855,70.93,97.34,48.47,86.01,51.53,95.7,98.02,77.82,75.67,85.16,88.33,72.97,44.12,36.54,36.28,33.09,32.08,30.84,62.24,63.7,70.19,36.1,50.6,96.49,78.23,87.04,63.84,31.89,81.62,53.76,56.27,45.41,29.35,41.91,82.61,55.54,64.65,31.12,37.81,57.37,87.89,18.21,70.86,80.13,27.4,89.42,81.67,78.02,90.1,85.44,89.64,87.24,90.46,67.99,89.33,32.36
avsolatorio/GIST-large-Embedding-v0,64.33803571428572,75.58,93.41,49.06,88.1,54.72,91.23,95.25,78.24,76.2,79.35,71.86,59.17,48.5,42.58,39.34,36.18,34.48,32.26,60.62,63.29,66.47,36.4,51.91,96.54,77.6,85.96,64.7,32.82,87.8,54.88,63.38,43.44,33.99,42.96,86.55,44.3,70.46,41.39,38.65,56.09,88.98,24.06,74.72,69.13,23.45,89.17,82.8,77.13,89.29,83.83,89.7,86.43,89.66,69.61,88.3,30.96
BAAI/bge-large-en-v1.5,64.23428571428573,75.85,92.42,48.18,87.79,51.52,92.85,94.59,79.49,77.56,80.53,70.91,59.94,48.57,43.19,39.71,36.9,32.56,31.47,57.24,64.66,66.4,34.96,51.27,96.73,79.04,85.6,64.47,32.06,87.63,55.95,63.54,42.23,36.57,44.11,87.18,45.02,74.1,42.49,38.13,55.03,89.07,22.64,74.61,74.82,24.81,84.65,81.68,79.05,86.37,82.78,88.03,86.49,87.5,67.05,87.52,31.61
w601sxs/b1ade-embed,64.21410714285716,75.18,93.07,48.42,88.03,51.93,91.91,94.33,76.61,75.91,79.43,67.91,59.22,48.66,42.81,39.81,36.63,33.63,31.7,59.77,63.79,66.31,34.99,52.98,96.87,78.24,86.11,64.42,32.78,87.61,55.19,65.99,43.39,30.37,43.31,83.58,45.01,71.26,41.63,39.13,55.13,89.12,23.79,75.25,69.38,23.11,89.15,82.83,78.65,90.0,84.97,89.81,86.71,89.8,69.67,88.77,31.93
Labib11/MUG-B-1.6,64.20321428571428,72.39,93.71,50.85,85.41,55.93,93.57,94.25,67.51,73.88,77.42,67.3,61.76,49.03,43.05,39.74,36.57,33.71,31.81,61.38,65.29,66.6,36.32,52.69,96.97,78.29,86.16,64.29,32.66,87.65,55.28,66.18,42.74,33.13,42.84,85.44,44.93,72.49,41.46,37.9,55.12,89.07,23.69,75.14,67.33,24.42,88.38,83.0,79.22,89.43,84.79,89.54,86.69,89.64,70.26,88.96,32.12
LLM2Vec-Llama-2-supervised,64.14125,82.22,89.69,48.47,88.17,51.71,85.78,95.57,82.81,78.06,81.35,71.01,61.11,43.14,42.38,35.88,34.81,32.23,31.37,61.1,64.52,67.98,33.2,51.04,96.83,80.7,86.56,63.13,31.34,84.03,51.02,56.53,45.94,30.7,48.42,89.93,51.28,72.99,41.46,40.33,61.24,85.59,21.05,77.3,79.25,16.92,82.13,83.01,78.85,86.84,84.04,88.72,86.79,90.63,67.55,88.72,28.49
Alibaba-NLP/gte-base-en-v1.5,64.10642857142857,74.79,93.02,53.31,86.73,46.39,87.48,96.5,82.81,77.67,81.77,83.98,61.57,47.51,42.05,40.32,37.55,34.6,32.27,58.61,66.87,68.93,37.6,48.75,94.94,75.53,85.51,61.83,31.34,85.17,52.29,63.49,39.52,40.36,39.9,94.81,48.65,67.75,42.62,35.88,52.96,88.42,21.92,76.77,73.13,25.22,83.65,79.37,74.38,84.71,80.1,87.16,85.02,90.64,68.63,86.04,31.17
Cohere/Cohere-embed-multilingual-v3.0,64.01303571428572,77.85,95.6,49.79,86.09,48.15,93.97,94.92,78.89,74.51,79.0,71.2,62.18,48.16,40.79,40.5,36.91,36.18,33.44,58.11,65.02,68.12,35.22,50.14,96.79,75.16,86.49,62.13,32.59,84.31,52.4,55.11,40.64,29.96,41.0,88.53,44.1,70.61,43.45,36.42,63.41,88.92,19.34,70.05,83.37,32.7,85.01,82.18,77.62,85.16,80.02,88.92,86.92,90.09,66.81,88.79,30.99
avsolatorio/GIST-Embedding-v0,63.71142857142854,75.96,93.51,50.45,87.3,54.68,89.66,95.3,78.1,76.01,79.64,72.42,59.32,48.29,42.74,39.04,36.67,33.92,32.25,59.11,62.44,66.14,35.59,52.16,95.93,76.92,86.11,62.69,32.36,87.72,54.72,62.62,43.2,31.49,41.7,86.65,40.64,68.92,40.64,37.64,53.43,88.81,23.47,75.29,69.6,20.58,87.95,81.29,76.16,87.85,83.39,89.43,85.35,88.59,67.81,87.32,30.87
BAAI/bge-base-en-v1.5,63.54839285714287,76.15,93.39,48.85,86.95,51.9,90.81,94.17,76.91,76.15,80.16,71.58,59.38,48.75,42.81,39.1,36.7,32.95,31.56,56.24,62.88,65.95,35.01,51.47,96.33,77.68,85.65,62.13,31.2,87.49,54.61,63.61,42.35,31.17,40.77,86.29,40.65,72.6,41.35,37.39,54.15,88.9,21.73,74.04,78.07,25.7,86.94,80.3,78.03,84.19,82.27,87.96,85.48,86.42,65.95,86.42,31.07
llmrails/ember-v1,63.54392857142858,76.06,91.98,47.94,87.9,52.03,92.79,94.59,79.26,77.41,80.45,71.42,60.0,48.58,43.14,38.84,36.38,31.96,30.88,57.61,64.03,65.54,33.98,50.41,96.83,79.29,85.98,64.46,32.27,87.56,55.85,64.56,42.39,27.29,41.79,83.69,44.3,74.33,42.03,36.91,51.77,89.09,19.58,73.42,64.14,23.54,85.81,81.75,78.51,86.62,83.06,88.39,86.82,87.9,66.76,87.77,30.82
jamesgpt1/sf_model_e5,63.34499999999998,70.85,91.81,48.94,84.61,54.9,93.14,93.64,66.01,73.49,77.38,71.19,61.55,48.73,42.87,39.73,37.24,34.31,32.18,59.43,64.54,65.08,35.52,53.12,96.79,78.23,85.53,64.32,32.27,87.47,55.4,64.07,41.14,28.74,42.51,81.38,42.64,72.37,40.66,38.43,51.55,88.74,20.16,75.41,66.57,22.6,86.75,82.33,77.61,87.95,83.85,88.47,86.46,88.7,68.02,88.33,31.61
mixedbread-ai/mxbai-embed-2d-large-v1,63.24625000000001,74.76,93.26,46.16,86.65,49.32,90.4,93.1,73.24,73.87,78.17,71.53,59.25,48.29,42.34,39.73,36.95,33.66,32.22,57.93,62.47,66.41,35.32,51.48,96.05,76.08,85.54,63.77,31.85,86.98,53.16,63.63,39.46,30.73,40.74,82.24,41.75,63.0,38.03,37.35,54.84,88.14,22.78,74.12,68.64,25.89,88.06,82.05,78.77,90.4,85.45,90.01,87.42,88.8,68.8,89.2,31.55
thenlper/gte-large,63.125892857142865,72.63,92.52,49.07,86.06,47.88,88.46,93.51,73.25,72.62,76.77,70.56,56.58,48.62,43.36,39.11,36.85,33.39,31.76,60.83,64.24,67.64,36.57,52.82,95.75,73.73,85.53,63.06,32.63,87.2,53.63,57.16,43.18,28.82,42.37,84.53,44.5,67.16,40.86,38.17,54.78,88.32,23.44,74.27,70.22,25.51,88.65,79.81,76.81,88.11,82.66,88.93,84.25,88.47,69.71,86.07,31.66
avsolatorio/NoInstruct-small-Embedding-v0,63.11875000000001,75.76,93.3,49.99,86.4,55.07,90.15,95.29,79.57,76.01,79.33,69.44,61.27,47.78,40.13,39.4,35.1,34.71,32.15,55.4,61.23,62.05,36.65,49.86,96.14,73.48,85.36,62.13,31.92,86.18,52.96,57.59,39.65,35.2,41.02,87.13,40.65,66.54,40.23,34.92,50.9,88.41,21.82,72.22,80.12,23.48,87.2,80.31,75.76,86.08,82.28,88.9,85.18,88.73,68.54,86.98,30.6
avsolatorio/GIST-small-Embedding-v0,62.72446428571429,75.27,93.23,49.72,86.65,55.89,89.49,95.48,79.09,75.53,79.23,72.8,61.0,47.62,39.86,39.22,35.43,34.5,32.16,55.51,60.64,61.91,36.16,50.01,95.79,72.95,85.3,62.33,32.36,86.48,53.06,59.12,39.89,31.83,39.76,86.92,39.15,65.2,39.73,34.69,48.69,88.43,21.89,70.86,69.14,21.19,86.99,80.53,75.57,86.26,82.3,88.74,85.27,89.02,68.51,87.08,31.14
infgrad/stella-base-en-v2,62.607857142857135,77.19,93.26,49.61,84.73,54.47,91.31,93.5,71.06,73.88,78.28,72.99,63.07,47.24,40.47,39.56,35.91,33.25,31.96,55.07,62.12,64.47,33.8,50.08,95.69,77.67,86.0,62.72,31.91,86.66,53.81,60.63,41.14,29.0,39.64,79.13,38.62,68.22,40.95,37.51,50.2,88.72,18.58,72.51,64.79,21.9,85.94,81.06,78.72,84.88,83.11,88.74,86.35,87.71,66.28,87.45,32.52
thenlper/gte-base,62.388571428571446,74.18,91.77,48.96,85.07,48.65,85.95,93.03,72.04,71.47,76.38,71.61,57.01,48.6,43.01,38.2,36.59,33.17,31.77,59.33,62.59,66.64,36.0,52.31,95.71,72.47,85.52,61.8,32.54,87.08,53.01,57.12,42.91,28.1,41.19,81.52,40.76,65.75,40.21,37.9,52.84,88.15,23.13,76.18,68.78,22.55,87.64,78.86,75.71,85.73,81.51,88.81,83.82,87.9,67.33,85.73,31.17
corto-ai/nomic-embed-text-v1,62.38535714285713,76.85,91.52,47.36,84.54,48.35,85.56,93.41,77.25,73.72,77.8,71.5,61.54,45.93,36.65,38.49,32.76,33.74,30.64,56.32,61.9,64.31,33.26,49.06,93.52,75.23,86.71,60.6,30.81,81.45,49.9,49.26,38.26,40.5,45.03,84.98,38.44,73.64,43.13,35.03,59.38,87.7,18.29,70.5,79.92,28.15,86.47,78.58,78.92,85.4,81.64,87.2,85.44,87.2,64.22,85.54,30.08
nomic-ai/nomic-embed-text-v1,62.38535714285713,76.85,91.52,47.36,84.54,48.35,85.56,93.41,77.25,73.72,77.8,71.5,61.54,45.93,36.65,38.49,32.76,33.74,30.64,56.32,61.9,64.31,33.26,49.06,93.52,75.23,86.71,60.6,30.81,81.45,49.9,49.26,38.26,40.5,45.03,84.98,38.44,73.64,43.13,35.03,59.38,87.7,18.29,70.5,79.92,28.15,86.47,78.58,78.92,85.4,81.64,87.2,85.44,87.2,64.22,85.54,30.08
nomic-ai/nomic-embed-text-v1.5,62.28267857142857,75.21,91.81,47.16,84.25,47.99,85.31,93.01,75.03,73.46,77.08,71.42,60.92,45.69,36.35,38.77,32.94,34.53,30.94,56.52,61.05,63.19,34.03,49.21,92.9,74.27,86.65,61.71,30.31,80.61,50.47,48.01,39.61,41.28,43.9,86.34,37.46,72.62,42.53,34.67,59.72,88.0,18.62,70.28,82.3,29.86,84.25,79.38,78.52,86.05,81.54,86.97,84.77,87.47,65.02,85.47,30.4
text-embedding-3-small,62.26464285714285,76.42,90.84,45.73,83.01,50.63,83.66,93.91,70.98,72.86,76.84,71.91,61.72,46.57,39.35,37.77,34.68,32.77,31.85,64.09,65.12,72.05,34.04,54.81,94.58,73.33,87.21,62.18,29.93,83.25,51.53,55.49,42.58,26.86,39.97,79.42,44.91,63.63,37.02,38.33,52.86,88.83,20.8,73.37,77.9,24.28,88.72,76.73,73.09,84.92,79.81,88.01,84.41,90.94,64.96,84.24,31.12
intfloat/e5-large-v2,62.24839285714286,79.22,93.75,48.61,84.55,49.45,91.69,94.62,77.14,73.84,78.11,70.9,60.94,45.55,41.02,37.36,34.85,31.82,30.38,55.83,63.38,65.92,33.67,49.6,94.92,76.92,86.25,59.62,31.83,84.31,50.68,46.42,37.89,22.21,44.02,82.83,41.14,73.13,43.46,37.13,63.44,86.84,20.51,72.24,66.54,20.67,83.6,79.28,76.95,84.12,80.46,89.76,85.47,89.03,64.11,87.74,30.19
BAAI/bge-small-en-v1.5,62.16553571428573,73.79,92.75,46.99,85.74,47.84,90.61,93.36,74.75,74.81,78.7,69.89,60.51,47.4,40.02,38.47,34.72,33.06,30.86,52.32,60.64,60.78,35.27,48.52,96.67,73.24,84.84,62.59,31.29,85.94,53.64,59.55,39.05,31.84,40.03,86.64,40.34,69.94,40.83,34.3,50.18,88.78,20.52,71.28,75.9,26.04,83.75,79.41,77.44,82.98,81.84,87.26,84.93,87.15,65.3,85.86,30.12
liddlefish/privacy_embedding_bge_small_synthetic,62.16553571428573,73.79,92.75,46.99,85.74,47.84,90.61,93.36,74.75,74.81,78.7,69.89,60.51,47.4,40.02,38.47,34.72,33.06,30.86,52.32,60.64,60.78,35.27,48.52,96.67,73.24,84.84,62.59,31.29,85.94,53.64,59.55,39.05,31.84,40.03,86.64,40.34,69.94,40.83,34.3,50.18,88.78,20.52,71.28,75.9,26.04,83.75,79.41,77.44,82.98,81.84,87.26,84.93,87.15,65.3,85.86,30.12
Cohere/Cohere-embed-english-light-v3.0,62.0142857142857,78.63,94.8,51.02,79.7,52.74,92.17,93.63,64.93,70.01,76.34,73.04,64.72,46.19,37.58,38.97,34.52,37.66,33.54,53.5,63.59,62.94,36.48,46.06,96.59,72.23,86.32,60.11,31.87,81.62,50.76,50.81,38.89,28.9,41.03,87.64,38.83,66.79,41.33,33.65,57.99,88.11,18.1,66.69,79.36,31.93,81.72,79.65,72.6,82.88,79.74,86.98,84.41,89.22,65.42,86.58,31.29
text-embedding-3-large-256,61.99910714285714,73.96,91.32,46.03,83.19,45.8,85.93,92.76,70.45,71.12,75.56,68.52,58.98,47.05,42.59,35.43,33.86,32.1,31.15,60.18,64.71,71.23,35.95,54.24,89.02,76.56,87.09,64.61,29.63,84.25,53.46,55.6,42.28,25.8,40.8,84.57,50.33,62.69,37.93,37.94,56.64,88.22,20.44,73.1,76.24,22.31,84.87,79.18,71.98,85.52,80.5,87.51,84.48,88.11,65.92,82.34,29.92
nomic-embed-text-v1.5-512,61.95607142857141,74.27,91.89,46.97,84.15,47.73,85.47,92.62,74.27,73.07,76.82,71.25,60.4,45.45,36.19,38.41,32.28,34.47,31.43,55.9,60.58,62.94,33.81,49.36,92.91,74.3,86.57,61.6,30.34,80.33,50.32,47.45,39.06,40.7,42.96,85.7,36.92,71.48,42.29,33.31,58.83,87.87,17.88,70.12,82.12,29.24,83.3,79.27,78.3,85.81,81.38,86.79,84.56,87.25,65.24,85.14,30.47
LLM2Vec-Sheared-Llama-supervised,61.84553571428571,77.42,82.05,40.81,86.01,48.38,75.33,94.09,77.05,75.58,79.16,69.92,60.76,43.47,39.85,37.1,34.28,33.55,31.11,53.02,60.47,63.04,34.01,49.37,96.25,76.14,86.23,60.71,31.96,79.23,49.61,51.66,41.73,33.49,43.58,86.81,41.0,63.85,38.32,37.12,53.89,87.37,17.96,72.08,80.41,22.31,85.88,82.25,78.28,85.52,82.49,88.76,87.11,90.1,68.25,87.16,30.01
hkunlp/instructor-xl,61.79267857142859,85.09,86.54,42.96,82.66,53.24,79.79,95.07,72.26,71.48,76.47,70.33,61.58,42.45,32.21,37.37,30.55,33.19,30.79,63.49,65.13,68.44,35.17,53.38,94.94,77.99,86.93,65.35,31.81,79.49,52.52,55.65,43.09,26.54,40.24,70.03,46.96,55.88,41.61,36.0,57.24,88.85,17.36,64.56,71.4,23.44,84.15,81.7,75.32,87.44,81.87,88.94,85.38,90.54,68.65,86.56,32.32
hkunlp/instructor-large,61.59321428571429,88.13,91.53,47.86,78.51,52.73,88.32,93.89,67.98,68.9,73.35,71.05,64.13,43.16,32.56,37.62,31.33,34.22,32.0,63.65,64.63,68.78,36.15,54.13,93.07,77.42,87.18,64.3,31.68,82.0,52.17,57.05,43.82,27.74,36.68,72.69,45.45,55.18,39.65,34.09,50.1,88.44,18.55,64.43,58.06,21.56,84.39,81.27,76.28,88.18,81.92,89.01,85.49,90.3,67.74,86.88,31.84
intfloat/e5-base-v2,61.49875000000001,77.78,92.81,46.71,83.53,46.95,86.15,93.69,75.31,73.04,77.65,72.11,60.39,46.1,39.67,37.5,32.72,31.46,28.99,56.16,63.43,65.15,32.5,48.16,94.58,75.97,86.63,58.98,31.29,83.02,50.34,44.49,38.54,26.56,42.23,84.99,39.88,69.15,41.77,35.39,58.22,86.56,18.69,71.94,69.6,26.4,81.4,78.3,75.79,83.58,79.95,88.82,84.46,87.58,64.07,86.52,30.28
dwzhu/e5-base-4k,61.49875000000001,77.78,92.81,46.71,83.53,46.95,86.15,93.69,75.31,73.04,77.65,72.11,60.39,46.1,39.67,37.5,32.72,31.46,28.99,56.16,63.43,65.15,32.5,48.16,94.58,75.97,86.63,58.98,31.29,83.02,50.34,44.49,38.54,26.56,42.23,84.99,39.88,69.15,41.77,35.39,58.22,86.56,18.69,71.94,69.6,26.4,81.4,78.3,75.79,83.58,79.95,88.82,84.46,87.58,64.07,86.52,30.28
intfloat/multilingual-e5-large,61.49642857142856,79.06,93.49,47.56,84.73,46.5,90.23,93.67,77.9,73.76,77.51,71.32,61.98,44.31,38.43,35.34,33.5,31.48,29.71,46.54,63.22,57.53,32.69,38.91,93.13,75.28,85.83,60.28,31.42,82.04,49.72,54.38,39.68,25.73,41.29,82.81,43.8,71.23,43.7,33.99,64.06,88.18,17.47,70.41,71.33,23.39,82.51,80.23,80.02,81.55,77.72,89.31,85.78,88.12,63.06,87.29,29.69
intfloat/e5-large,61.423035714285696,77.69,90.05,43.02,84.14,48.05,82.11,93.86,76.4,73.22,77.39,70.56,61.21,46.19,41.38,37.6,35.09,32.26,29.66,50.69,61.37,64.96,33.6,43.81,95.42,76.1,86.31,60.07,30.78,83.94,51.33,49.35,39.44,22.4,42.39,65.03,38.56,63.33,44.05,36.07,62.86,88.18,20.12,72.58,78.32,27.21,84.73,80.49,75.93,85.22,80.54,88.81,85.28,89.37,62.99,87.21,30.97
nomic-ai/nomic-embed-text-v1-ablated,61.36464285714285,78.67,90.41,47.81,83.82,48.81,83.78,93.47,75.27,72.76,76.7,71.39,60.87,45.85,36.13,38.46,33.14,32.73,30.55,56.82,61.57,63.18,33.51,48.72,94.83,72.55,86.38,57.59,31.29,75.51,48.89,54.66,38.47,27.01,42.07,77.32,39.02,64.12,43.33,35.31,61.43,88.33,18.7,71.51,82.31,27.86,85.37,77.3,77.97,79.39,78.17,85.51,84.95,85.87,64.28,83.42,31.28
thenlper/gte-small,61.35821428571429,73.22,91.82,48.03,84.08,46.56,86.8,93.05,69.65,70.35,75.64,70.33,58.22,47.9,40.26,38.37,35.49,33.78,32.07,55.62,61.39,62.63,36.33,49.95,95.57,70.12,84.92,61.72,32.21,84.83,52.03,55.44,39.98,26.54,39.1,81.55,39.35,63.79,40.31,34.77,50.29,88.02,21.38,72.7,66.53,22.22,88.17,77.93,75.12,85.09,81.03,88.32,83.91,87.59,68.0,85.57,30.42
nomic-embed-text-v1.5-256,61.04464285714287,72.94,91.35,45.73,83.69,45.88,83.99,91.68,72.47,71.76,75.67,70.87,59.2,44.82,35.32,38.19,31.83,34.08,30.98,54.92,60.23,61.81,34.03,48.56,92.31,73.61,86.34,61.34,30.04,79.4,49.95,45.44,37.61,39.63,39.42,84.4,35.0,67.78,41.38,32.54,57.1,87.65,16.76,68.24,80.65,28.49,81.58,79.24,78.16,86.01,81.25,86.51,84.24,86.44,65.14,84.8,30.05
izhx/udever-bloom-7b1,60.63464285714285,73.12,88.89,43.2,85.36,48.77,78.46,93.43,71.73,72.04,76.86,71.58,62.14,45.66,38.42,35.54,32.19,30.95,28.87,47.9,55.95,60.27,32.34,40.81,95.62,73.81,86.78,61.6,31.22,80.27,50.55,52.21,39.29,26.79,37.62,73.98,36.7,56.66,42.02,36.02,53.31,88.28,18.94,69.29,83.82,25.19,85.52,81.41,77.47,86.38,81.17,88.23,86.29,90.62,65.01,88.02,30.97
intfloat/e5-base,60.43910714285714,79.72,87.96,42.65,83.33,49.44,75.96,93.21,74.77,72.25,76.76,74.12,61.38,44.57,40.48,36.19,32.72,31.53,28.29,48.18,62.19,63.91,32.56,42.58,94.88,74.4,85.98,59.66,30.07,82.9,50.15,51.41,38.92,15.38,41.02,58.24,36.37,62.21,43.14,36.59,59.97,87.92,18.99,73.08,79.64,28.31,85.1,79.66,74.22,83.31,78.52,88.35,84.15,87.23,62.88,86.18,31.01
jinaai/jina-embeddings-v2-base-en,60.37874999999998,74.73,88.54,45.26,84.01,48.77,79.44,95.68,83.15,71.93,74.49,73.35,62.06,45.39,36.68,37.05,30.16,32.41,28.09,53.05,60.31,58.52,34.96,42.46,95.3,74.74,86.09,62.25,30.54,83.1,52.05,44.18,39.34,23.53,35.05,72.33,41.58,61.38,40.92,32.45,60.44,88.2,19.86,66.68,65.91,26.24,81.23,79.65,74.27,84.18,78.81,87.55,85.35,88.88,62.2,84.84,31.6
amazon/Titan-text-embeddings-v2,60.37071428571429,79.31,76.66,35.28,84.31,55.61,82.39,90.46,66.0,69.24,74.11,74.52,59.59,41.78,34.13,35.01,31.0,29.71,28.0,49.53,59.71,60.73,34.64,40.12,92.92,67.8,85.71,63.29,31.3,80.67,54.75,51.31,45.27,22.76,36.95,88.17,44.8,64.15,38.0,33.94,55.1,88.41,21.98,70.52,80.75,27.48,87.13,76.49,75.0,87.91,82.26,87.87,80.92,87.23,68.59,81.95,27.54
Cohere/Cohere-embed-multilingual-light-v3.0,60.07928571428569,70.03,90.7,46.55,78.12,46.66,85.64,91.86,62.18,67.42,72.61,70.66,64.46,44.21,33.91,38.68,32.21,35.18,30.99,49.5,60.21,60.85,33.97,42.09,96.6,69.41,85.85,58.54,31.36,79.9,50.45,53.37,38.09,24.8,38.05,85.52,36.16,66.88,40.49,32.12,55.51,87.85,17.1,67.95,78.93,29.48,84.01,77.04,73.22,79.5,76.96,86.43,84.33,88.67,65.31,85.46,30.41
intfloat/e5-small-v2,59.93464285714287,77.6,91.27,45.88,81.64,47.06,86.0,92.7,72.56,71.62,76.36,71.1,61.46,42.12,34.8,35.89,30.05,31.34,27.88,45.72,59.66,58.51,31.98,41.13,94.88,73.34,85.79,58.11,30.1,79.16,49.93,41.67,37.07,22.87,41.32,81.64,37.43,66.61,41.46,32.45,59.11,85.71,17.77,68.85,74.53,27.12,79.43,78.51,76.21,82.4,79.0,87.76,83.8,87.72,63.15,85.95,31.16
izhx/udever-bloom-3b,59.85982142857142,78.9,87.98,42.58,84.16,47.88,77.7,92.34,70.63,70.39,77.19,72.13,61.04,45.37,36.52,36.52,31.98,31.71,28.8,49.71,55.07,59.42,31.7,41.29,95.36,70.64,86.18,59.92,30.97,78.62,50.07,48.33,37.82,23.36,34.54,71.96,35.12,55.12,40.25,33.66,50.62,88.01,18.5,69.43,83.21,25.17,84.82,80.85,76.1,85.49,80.44,87.75,85.42,89.95,65.13,87.71,30.62
nomic-ai/nomic-embed-text-v1-unsupervised,59.852321428571415,76.99,87.54,46.81,81.09,47.65,86.32,92.36,65.2,67.75,74.03,72.96,55.28,45.18,35.91,36.57,32.05,31.35,29.56,55.37,60.05,62.28,33.94,45.43,95.93,69.68,85.41,59.57,30.6,79.91,49.87,54.81,41.4,24.71,40.2,74.39,39.86,63.7,34.99,35.68,48.55,88.19,20.17,71.98,62.2,19.17,87.19,74.19,73.22,84.77,79.99,87.27,82.31,89.54,65.93,83.96,30.72
hkunlp/instructor-base,59.53857142857144,86.21,88.36,44.64,77.04,51.76,81.17,93.72,70.26,67.48,72.59,71.82,63.31,39.68,29.19,32.98,25.72,30.89,28.38,59.26,63.22,65.04,35.28,51.31,90.35,73.99,86.2,63.17,31.82,78.83,50.99,52.03,40.95,27.95,33.34,71.85,39.18,54.19,37.76,31.59,45.88,88.19,17.09,57.83,58.55,20.37,82.31,80.26,77.02,86.58,81.32,88.19,84.88,89.46,66.45,86.43,29.85
intfloat/multilingual-e5-base,59.446071428571436,78.97,90.64,44.55,82.74,45.18,85.46,93.13,75.27,72.11,77.08,69.78,61.28,40.28,35.42,35.04,29.46,28.92,28.43,42.41,55.17,55.27,30.46,35.97,93.01,72.21,85.48,58.23,30.97,80.74,49.41,44.23,38.52,23.86,40.36,79.44,38.17,68.56,42.27,32.46,60.02,87.65,17.16,69.35,69.76,21.35,85.06,78.51,76.7,78.03,76.6,88.16,84.28,87.83,61.83,85.64,30.11
nomic-embed-text-v1.5-128,59.34267857142857,69.78,88.74,43.11,82.78,42.92,80.87,89.61,68.9,69.34,74.21,68.16,57.99,43.87,34.57,36.79,30.68,34.09,31.3,53.31,58.96,59.92,33.88,47.29,91.45,73.23,85.93,61.16,30.02,78.05,49.0,43.4,34.67,36.52,36.22,80.48,32.08,60.09,39.99,30.72,53.62,87.07,15.56,64.28,74.58,26.99,80.19,79.09,77.49,85.62,80.5,85.84,83.9,86.27,64.24,84.28,29.59
lixsh6/XLM-3B5-embedding,59.28624999999999,66.94,94.7,51.59,80.34,47.83,89.66,93.77,67.8,70.27,74.51,70.85,58.71,44.44,34.19,37.82,32.13,33.88,32.08,54.25,61.28,64.7,34.23,49.31,86.13,68.03,83.52,62.73,30.81,85.11,49.85,39.21,38.91,25.02,38.79,78.0,45.02,57.14,36.51,31.57,52.83,87.79,15.62,69.32,45.22,13.87,80.72,81.87,70.75,84.37,74.51,86.41,84.74,89.03,65.87,86.46,29.02
avsolatorio/GIST-all-MiniLM-L6-v2,59.00089285714289,72.9,87.19,42.56,84.24,52.06,78.54,94.78,77.72,73.18,76.68,72.9,59.85,45.31,35.45,38.38,31.09,33.35,29.79,44.12,48.68,53.11,33.91,41.13,94.14,70.46,85.58,62.97,31.31,87.14,50.36,51.25,41.77,25.16,34.83,73.17,37.85,52.59,36.54,31.34,46.1,88.07,21.44,64.4,51.47,20.79,81.26,79.09,75.04,83.26,78.62,87.03,83.01,87.36,68.11,84.4,31.22
gtr-t5-xxl,58.967857142857135,67.3,75.05,37.3,82.32,43.19,70.8,93.84,67.71,70.61,77.77,68.48,54.54,37.9,32.39,30.48,27.5,29.12,27.56,64.13,62.84,71.43,32.85,50.44,95.68,77.54,85.13,63.23,31.93,77.96,53.5,53.77,38.56,27.21,41.28,74.08,46.78,59.67,44.05,34.18,57.24,89.09,15.88,66.77,51.9,26.76,81.91,74.29,70.12,82.72,78.24,86.26,81.61,85.18,65.76,77.73,30.64
Muennighoff/SGPT-5.8B-weightedmean-msmarco-specb-bitfit,58.92535714285714,69.22,71.26,39.19,84.49,49.66,66.64,93.47,72.42,70.39,76.28,67.71,56.85,45.59,38.86,36.55,33.7,31.51,28.76,40.45,55.75,59.21,33.95,39.46,93.84,66.87,85.29,61.63,32.29,80.79,51.53,51.38,39.4,30.46,39.87,78.24,37.2,59.26,39.91,36.21,52.41,84.58,19.87,74.7,84.88,25.43,86.25,69.63,67.5,79.16,74.46,84.47,80.96,87.78,69.35,81.39,31.46
intfloat/e5-small,58.89267857142857,76.22,87.53,42.61,81.87,46.86,75.55,92.05,73.24,72.22,75.78,72.76,63.31,44.14,37.14,35.81,31.86,31.34,28.2,42.87,56.39,59.08,30.3,37.51,95.29,74.16,85.79,59.36,29.56,79.76,49.13,46.69,36.08,15.81,38.64,53.52,34.8,56.34,42.33,33.93,58.73,87.71,16.42,65.6,76.78,26.81,84.22,78.9,75.19,81.8,78.48,87.49,84.58,87.94,63.76,86.36,31.39
TaylorAI/gte-tiny,58.68982142857144,71.76,86.61,42.61,81.73,44.71,80.54,91.76,69.9,70.13,74.86,70.97,58.57,46.64,36.01,39.19,32.13,34.11,31.67,50.19,56.49,57.54,35.74,43.27,95.48,68.17,84.84,59.83,32.06,81.54,49.65,53.64,37.8,24.71,35.97,70.11,31.42,55.7,34.51,32.04,43.03,87.04,19.07,67.51,59.21,22.08,86.63,75.85,72.58,82.39,77.98,86.54,83.31,88.28,66.68,84.38,29.47
gtr-t5-xl,58.42375000000003,68.6,74.58,38.2,82.22,45.54,68.15,93.6,65.93,70.23,75.94,67.56,54.77,37.9,30.45,30.52,26.06,28.69,26.69,61.34,61.11,69.95,32.73,51.15,95.45,77.81,85.14,63.08,31.5,76.49,52.79,52.81,37.35,27.01,39.74,72.18,44.19,58.91,43.52,33.34,56.16,88.91,15.71,64.2,60.09,25.26,78.94,73.63,69.11,81.82,77.07,86.01,82.23,84.9,66.61,77.65,30.21
izhx/udever-bloom-1b1,58.286071428571425,69.94,87.19,41.08,82.89,46.84,74.45,92.18,70.3,67.93,75.72,72.01,61.51,44.52,34.45,35.25,30.71,29.43,28.87,44.52,53.61,57.11,31.91,39.8,94.58,69.14,85.62,59.5,30.51,78.11,49.0,46.67,34.3,25.56,32.61,67.22,31.29,51.67,38.27,30.7,46.16,87.01,17.23,65.42,80.03,24.92,84.65,79.92,75.8,83.62,78.73,86.41,84.5,89.95,65.81,85.79,31.1
gtr-t5-large,58.275892857142864,70.03,73.92,37.21,81.21,46.33,70.86,94.01,63.86,70.06,75.49,68.65,54.09,37.5,30.55,29.59,25.72,28.72,27.39,61.69,61.67,69.93,33.21,51.64,95.05,76.03,84.89,61.64,31.84,76.39,51.58,52.09,36.62,26.9,39.55,72.66,42.79,57.85,42.73,32.63,55.09,88.47,15.51,63.42,56.68,28.29,84.86,73.39,70.33,82.19,77.16,86.31,81.85,83.93,64.3,77.6,29.5
Mihaiii/Ivysaur,58.066071428571426,72.1,86.69,42.7,81.92,45.44,80.8,92.12,71.86,70.35,74.89,65.46,58.66,46.39,35.41,38.98,31.74,33.13,30.29,47.53,56.03,53.87,33.57,40.77,95.12,69.78,85.07,59.7,31.78,80.04,49.83,55.78,38.2,21.23,33.88,63.97,30.71,54.21,33.61,32.04,42.47,86.03,18.64,67.31,60.32,21.12,87.32,75.63,68.58,80.54,77.63,86.16,82.82,88.57,67.39,84.25,31.27
jinaai/jina-embeddings-v2-small-en,58.0,71.36,82.9,40.89,78.25,44.01,73.64,93.96,72.5,67.61,69.75,71.54,59.4,44.02,35.16,35.57,29.07,31.86,27.51,49.28,57.09,55.35,34.42,41.57,95.12,72.15,86.05,59.62,30.99,79.76,49.99,46.73,38.03,24.05,32.65,68.02,33.43,56.48,37.28,30.4,51.59,87.19,18.61,63.89,65.18,23.52,80.52,76.72,73.66,83.3,79.17,87.3,83.6,88.23,63.46,84.04,30.56
lixsh6/XLM-0B6-embedding,57.970535714285724,68.61,93.38,50.64,78.5,46.37,88.54,90.48,59.82,67.24,72.98,71.16,58.89,45.54,38.43,39.3,35.11,34.8,32.78,49.24,58.82,58.89,33.6,46.13,88.21,64.8,80.49,61.11,28.83,85.93,46.52,40.77,33.15,21.84,37.47,61.77,39.21,55.84,35.36,31.57,47.73,87.96,19.48,68.35,55.07,15.22,80.25,79.68,69.94,79.63,71.34,82.81,82.65,88.89,68.48,86.5,30.25
intfloat/multilingual-e5-small,57.86714285714286,73.79,88.7,44.7,79.42,42.45,80.82,91.07,71.08,70.3,74.48,69.39,62.62,39.22,30.8,35.75,27.05,30.9,27.26,39.13,58.98,53.52,32.07,33.22,92.18,70.75,84.83,57.88,30.28,78.13,49.2,39.06,36.07,22.55,37.76,75.27,33.31,65.09,40.99,31.01,56.29,86.93,13.89,67.7,72.57,21.16,82.26,77.51,76.56,76.97,75.52,87.12,83.63,86.44,60.94,84.01,29.98
all-mpnet-base-v2,57.77571428571428,65.27,67.13,31.92,81.86,39.72,70.72,92.08,70.21,69.57,76.01,60.86,55.46,48.38,39.72,39.62,35.02,35.58,32.87,54.82,56.77,53.8,34.28,49.74,90.15,73.85,85.11,65.85,30.97,88.65,51.98,46.52,44.96,21.97,32.09,50.86,49.96,39.29,39.75,33.29,50.45,87.46,23.76,65.57,51.33,19.93,80.43,80.59,72.63,83.48,78.0,85.66,80.03,90.6,67.95,83.42,27.49
bigscience/sgpt-bloom-7b1-msmarco,57.5894642857143,68.06,68.97,33.86,84.33,44.87,61.77,93.68,71.34,69.67,75.34,66.55,55.85,44.59,38.03,36.03,32.48,31.05,29.26,35.53,54.52,55.13,34.31,37.28,94.93,65.31,85.46,59.97,31.79,79.77,51.07,47.28,39.62,29.39,39.03,73.97,35.84,57.26,41.12,35.78,53.15,74.71,18.62,72.11,81.37,23.98,85.31,69.82,69.66,79.67,74.61,83.81,80.4,87.07,66.13,80.9,33.6
jinaai/jina-embedding-l-en-v1,57.3825,68.93,69.14,31.38,85.34,45.84,66.42,92.83,76.09,72.73,77.08,69.13,58.16,40.51,31.58,33.56,28.44,30.12,25.26,45.05,55.14,45.24,33.37,40.42,96.09,72.32,85.98,62.83,31.48,80.97,50.38,46.48,37.96,21.21,34.13,71.9,37.27,54.95,40.34,32.24,51.4,88.09,18.45,59.76,57.25,20.73,84.43,79.2,74.52,83.16,78.09,86.91,83.65,90.16,64.88,84.6,29.85
Muennighoff/SGPT-2.7B-weightedmean-msmarco-specb-bitfit,57.17428571428571,67.57,71.44,35.75,83.22,49.21,63.53,92.56,71.85,69.01,75.9,68.84,56.69,44.72,35.08,34.41,30.53,31.35,28.77,46.47,54.17,59.19,32.57,40.89,93.47,63.68,84.8,59.63,31.72,77.72,49.61,50.49,36.53,27.11,34.7,72.73,33.29,52.84,38.83,33.89,46.7,85.6,16.57,70.17,75.17,23.44,84.84,68.2,66.99,77.58,72.78,82.62,80.1,87.25,68.75,79.21,31.03
lixsh6/MegatronBert-1B3-embedding,56.8069642857143,70.12,92.95,50.52,75.59,45.98,90.22,88.63,58.08,65.03,71.05,69.33,58.25,47.03,38.38,38.98,34.94,33.98,31.67,42.72,56.93,53.6,32.87,38.38,87.07,62.51,81.11,58.96,29.32,88.03,45.71,32.93,33.12,25.94,35.47,56.41,37.75,54.66,38.29,30.16,47.61,87.85,10.59,66.23,50.81,13.31,83.86,79.38,73.65,75.57,72.1,85.63,82.07,89.0,66.16,83.69,31.01
LLM2Vec-Mistral-unsupervised,56.79571428571427,76.94,85.29,47.09,86.16,48.88,77.95,95.48,82.84,76.65,79.99,70.71,60.9,47.56,39.92,36.14,30.26,30.11,26.93,41.83,62.08,67.34,34.5,30.26,91.3,68.76,82.76,58.6,29.73,77.81,49.8,51.0,33.37,22.97,25.48,45.11,27.24,54.54,19.13,27.16,34.16,84.4,15.35,68.68,55.67,6.54,83.29,75.55,67.65,83.9,76.97,83.8,81.91,85.58,65.93,80.42,30.19
TaylorAI/bge-micro-v2,56.569464285714275,67.76,79.75,37.45,81.17,44.53,76.46,90.67,68.29,68.58,73.92,70.23,57.64,44.53,33.25,36.11,28.06,31.56,28.13,45.46,55.16,54.51,34.07,40.19,95.78,67.76,84.89,58.08,31.07,78.57,49.43,55.31,35.07,25.35,32.25,74.99,25.59,53.91,31.01,31.86,34.94,85.72,17.69,66.27,50.38,18.1,82.92,73.62,71.89,79.85,76.86,84.77,81.91,86.82,65.38,82.5,29.87
elser-v2,56.32517857142857,74.16,61.91,32.06,82.05,46.65,65.02,93.17,71.1,68.48,74.98,68.15,53.57,35.27,23.18,31.13,26.78,24.65,24.21,38.74,51.92,42.7,28.7,27.82,94.53,64.41,85.01,58.31,30.75,75.62,48.4,55.98,34.27,27.08,42.7,78.55,41.57,67.01,38.9,36.66,55.84,84.69,16.24,71.8,72.72,26.27,83.79,68.78,64.81,80.1,74.96,83.7,80.55,85.74,67.5,79.54,31.03
jinaai/jina-embedding-b-en-v1,56.25660714285715,66.73,67.61,31.18,84.06,44.68,63.87,91.53,72.83,71.09,76.25,66.15,56.85,39.25,29.08,32.2,26.63,29.6,25.01,42.85,52.55,48.07,31.36,38.06,95.48,68.3,85.33,62.4,31.56,79.31,50.11,49.01,37.48,21.48,32.44,73.29,34.06,52.78,37.77,30.38,47.88,87.63,17.63,59.39,60.57,18.59,83.58,79.14,75.06,80.86,76.13,85.55,81.21,88.98,66.22,82.57,30.71
LLM2Vec-Meta-Llama-3-unsupervised,56.22767857142857,75.7,80.68,40.0,84.77,47.08,75.19,94.47,81.09,75.01,79.16,71.85,57.61,49.22,41.71,38.39,31.31,31.47,27.87,43.67,61.67,68.2,36.36,32.01,88.14,66.6,79.3,57.16,30.1,76.28,48.82,51.73,32.4,23.58,26.78,53.42,28.56,52.37,17.47,26.28,37.65,84.64,10.39,66.36,63.34,12.82,84.67,72.16,61.6,79.71,72.11,82.18,79.41,85.44,63.9,77.44,31.45
Muennighoff/SGPT-1.3B-weightedmean-msmarco-specb-bitfit,56.20267857142856,65.21,73.21,34.96,82.06,46.39,64.05,92.08,71.19,68.65,76.04,68.73,55.67,43.38,33.71,35.06,30.71,32.08,29.45,48.23,53.18,60.86,32.36,40.06,92.58,62.37,83.79,58.13,31.34,77.21,49.32,49.68,33.33,26.6,31.51,68.12,29.99,49.93,36.05,32.08,42.94,85.28,16.18,68.29,72.98,24.45,83.02,67.23,66.59,77.33,71.83,80.66,78.91,86.99,67.3,77.59,30.43
gtr-t5-base,56.1925,69.33,67.82,38.48,79.26,42.2,65.99,92.42,62.44,67.05,75.4,66.6,56.02,35.49,27.18,27.66,23.25,27.57,25.13,56.13,58.53,64.21,33.01,46.72,94.55,72.23,84.77,60.86,31.33,73.71,51.01,50.83,34.55,24.88,35.24,68.93,35.15,54.93,41.16,30.22,50.47,87.98,14.0,59.74,56.05,25.89,79.0,71.45,68.59,79.09,74.64,84.85,81.57,85.8,66.17,79.58,29.67
nomic-embed-text-v1.5-64,56.10000000000001,66.85,85.92,41.02,80.63,40.55,76.6,86.31,62.77,64.95,70.38,66.53,55.23,41.8,32.41,34.81,28.59,32.73,29.91,50.31,56.57,57.99,33.64,44.61,90.06,71.68,85.03,60.79,29.7,75.79,47.42,37.16,28.72,31.48,28.19,70.24,25.78,43.07,35.95,26.03,45.54,85.83,12.09,52.71,67.83,23.13,77.18,78.76,77.3,84.18,79.37,84.69,83.36,85.73,63.83,83.46,28.41
contriever-base-msmarco,56.00428571428573,72.19,68.63,37.42,80.02,44.77,67.04,93.18,69.31,67.78,76.0,67.77,56.1,42.61,32.32,34.97,29.08,31.19,27.27,54.89,57.58,63.15,32.25,46.82,95.55,66.85,85.21,56.69,31.58,76.51,47.78,48.32,33.67,24.79,38.1,59.29,27.42,56.81,36.77,31.32,41.83,86.72,17.12,65.51,44.77,15.79,83.32,70.2,64.34,80.03,74.51,83.3,79.67,86.32,64.64,78.81,30.36
izhx/udever-bloom-560m,55.80500000000001,72.36,83.81,38.97,80.97,44.77,72.21,89.93,66.56,66.09,73.26,67.96,59.6,40.27,32.0,33.27,28.65,27.85,27.71,41.34,51.2,54.51,31.12,37.88,92.09,65.96,85.11,57.38,30.52,75.13,47.38,44.55,31.43,21.02,28.22,61.1,24.49,46.05,34.18,27.34,40.05,86.04,15.31,61.74,72.99,23.35,84.44,78.53,74.07,81.81,77.05,84.61,83.09,89.15,62.92,83.63,32.06
TaylorAI/bge-micro,55.709999999999994,66.27,75.37,35.81,80.58,42.47,70.7,90.25,67.95,67.78,73.04,69.21,56.71,44.6,34.48,37.13,29.72,31.98,29.26,45.27,54.47,53.11,34.67,39.37,95.3,65.79,84.22,58.09,31.29,78.78,48.96,51.51,33.64,24.77,31.06,69.64,24.37,49.73,27.85,30.04,30.73,85.29,17.26,65.41,52.62,18.34,83.42,72.39,71.9,80.93,76.6,84.92,80.72,85.61,65.9,81.32,31.16
LLM2Vec-Llama-2-unsupervised,55.35767857142855,76.91,79.05,40.08,84.65,46.58,75.68,94.33,79.54,73.84,79.17,71.81,57.17,47.81,40.53,38.12,31.25,30.94,28.04,42.84,60.1,65.12,33.61,30.76,87.57,65.14,80.94,55.56,30.86,77.62,47.77,47.09,30.78,20.67,25.81,43.48,24.62,48.46,18.81,26.81,33.21,86.15,10.0,64.48,60.67,10.18,82.41,71.77,65.39,79.26,72.98,82.72,81.02,86.7,63.47,78.32,31.38
Mihaiii/Bulbasaur,55.040714285714294,71.87,78.79,39.31,80.58,44.79,71.53,90.79,68.72,68.84,73.75,66.29,59.49,40.28,31.06,35.18,28.18,30.4,28.79,45.93,51.44,52.18,30.67,39.44,95.35,67.97,84.75,57.49,31.78,77.89,46.78,44.8,38.2,17.69,32.97,45.91,21.29,51.52,29.49,26.78,32.6,85.3,15.31,63.23,47.77,16.3,85.05,76.04,69.5,80.96,77.08,85.42,82.3,88.03,64.12,83.34,30.97
andersonbcdefg/bge-small-4096,54.421249999999986,68.75,81.3,38.57,79.98,40.09,80.09,90.36,66.45,67.58,73.47,69.34,57.6,43.85,29.59,37.8,26.76,32.54,28.05,43.68,54.33,51.77,33.31,36.65,95.15,65.79,83.27,58.54,30.98,77.2,47.85,52.45,30.71,19.0,25.27,50.13,22.14,41.33,22.15,29.05,23.45,83.63,14.95,61.96,47.52,17.47,81.6,74.18,72.2,80.54,76.2,85.2,81.93,86.61,65.46,81.94,29.83
Hum-Works/lodestone-base-4096-v1,54.242857142857154,69.73,86.9,44.05,75.41,41.99,79.54,89.67,60.28,63.34,72.37,67.94,56.41,42.32,31.28,37.42,29.32,34.68,30.34,50.76,55.02,59.66,32.11,47.01,90.41,67.67,83.11,58.79,32.02,78.54,46.44,49.82,31.75,23.22,27.77,59.39,25.33,41.66,24.56,24.76,32.94,84.78,15.26,56.03,38.58,19.0,70.87,70.47,64.0,78.2,70.78,80.03,78.8,83.88,64.39,75.57,31.23
Muennighoff/SGPT-5.8B-weightedmean-nli-bitfit,53.74267857142856,74.07,82.31,41.58,81.74,49.92,74.33,89.64,70.68,70.0,75.03,69.93,62.44,40.55,32.49,33.59,29.13,30.33,28.02,42.17,48.02,54.13,31.12,37.2,80.54,66.0,84.54,55.9,31.11,77.54,44.77,35.07,29.98,17.57,26.1,38.64,18.59,33.99,15.83,28.26,24.63,84.68,13.55,46.66,55.35,16.18,79.5,79.59,74.29,85.35,79.21,85.52,82.54,90.44,63.2,85.67,30.38
djovak/multi-qa-MiniLM-L6-cos-v1,53.290000000000006,61.79,62.36,29.59,78.6,39.6,61.22,89.97,59.57,66.78,73.78,65.12,51.63,37.75,27.7,30.24,22.67,28.41,26.14,46.29,50.95,48.08,33.35,40.79,93.84,64.72,84.01,63.09,30.89,74.28,50.06,49.11,39.04,23.29,32.04,52.63,36.35,45.66,36.83,29.67,44.48,87.21,15.78,54.03,55.85,15.61,79.76,70.04,64.38,76.41,69.33,80.18,79.57,81.18,65.51,75.98,31.05
msmarco-bert-co-condensor,52.351607142857155,64.06,66.88,34.85,82.35,41.91,60.17,91.34,71.07,70.4,73.73,64.01,55.74,36.94,29.03,32.35,28.16,30.23,27.01,48.04,53.53,59.54,30.48,38.68,96.09,65.95,83.17,58.99,27.13,72.78,48.48,45.15,27.72,16.96,27.86,45.68,15.62,35.61,29.57,22.29,29.85,86.51,10.13,52.31,40.54,8.57,77.32,72.0,68.19,80.4,74.02,82.57,79.78,85.94,67.54,76.97,29.5
jinaai/jina-embedding-s-en-v1,52.3282142857143,64.82,64.28,30.62,74.64,36.08,58.71,88.82,58.61,64.67,71.79,59.44,54.26,34.17,23.99,28.51,20.94,27.24,23.27,37.95,49.91,46.35,31.46,34.39,94.93,59.3,83.44,60.25,30.68,74.16,47.18,43.57,33.74,17.25,28.28,69.12,25.19,47.48,31.8,25.96,38.89,85.69,15.29,52.4,52.3,16.67,82.96,76.33,74.28,78.55,73.84,83.71,80.03,87.49,64.25,79.2,31.25
Muennighoff/SGPT-125M-weightedmean-msmarco-specb-bitfit,51.24714285714286,61.24,65.4,31.17,77.7,39.08,58.67,86.96,62.25,61.41,69.74,62.66,52.41,39.71,28.24,33.63,27.04,31.37,26.87,40.23,49.09,52.74,32.66,32.13,89.89,54.75,81.06,55.84,30.4,71.34,44.74,45.42,27.25,21.86,22.72,60.45,21.12,40.88,27.98,22.79,29.73,72.98,12.21,56.9,70.3,22.97,75.21,65.93,66.53,76.17,69.05,79.24,76.07,84.95,65.66,75.34,29.71
Mihaiii/Wartortle,50.93571428571426,70.4,82.04,42.41,71.07,46.78,74.6,88.24,54.94,62.27,68.22,65.15,62.54,35.84,27.3,32.35,24.06,28.24,25.34,35.92,46.08,45.31,29.91,31.69,89.85,67.48,84.53,54.09,30.28,74.48,42.3,35.87,21.69,13.11,29.33,35.58,8.1,47.03,19.8,18.75,23.25,82.3,11.12,50.24,35.74,8.0,80.78,78.24,75.19,79.33,76.56,84.7,81.44,86.61,63.43,81.79,30.71
text-similarity-ada-001,49.51892857142856,76.4,92.83,47.45,68.04,50.33,89.38,89.89,64.8,65.17,67.67,70.0,63.35,41.49,28.47,36.86,27.55,31.09,26.5,42.47,58.1,53.52,30.43,36.26,77.85,69.04,83.69,53.49,30.71,71.04,40.85,39.65,10.17,2.83,3.48,4.45,7.54,12.6,10.53,20.59,2.02,82.18,6.28,45.46,24.56,3.1,78.04,77.48,72.3,81.49,74.74,84.28,82.06,87.08,64.71,83.78,26.94
LLM2Vec-Sheared-Llama-unsupervised,49.422321428571436,72.93,74.28,36.14,79.0,42.85,71.92,91.24,74.08,69.99,75.15,68.4,56.08,42.92,35.2,35.02,27.21,30.15,26.96,38.67,53.42,59.35,31.47,31.54,77.36,61.54,77.73,52.7,29.52,67.76,40.82,43.64,18.5,18.95,13.21,16.96,16.99,22.64,7.03,15.73,17.96,78.23,5.53,38.31,56.04,19.17,75.12,69.34,60.09,72.52,66.7,77.69,75.94,81.67,63.7,73.36,31.23
sup-simcse-bert-base-uncased,48.865000000000016,75.75,82.47,39.6,75.76,44.81,73.53,84.29,63.14,65.95,70.78,72.04,59.73,35.18,27.54,30.15,24.67,26.25,24.12,40.23,47.74,47.55,29.45,34.86,69.39,67.75,83.89,51.8,29.3,70.14,38.9,38.33,14.5,11.98,19.73,20.41,10.41,22.9,11.0,12.42,16.08,79.62,7.53,29.59,22.93,9.9,68.38,80.77,75.3,84.67,80.19,85.4,80.82,89.44,61.96,84.25,31.17
Mihaiii/Squirtle,48.61160714285716,69.6,82.09,41.94,67.13,45.79,74.95,87.27,54.66,61.52,67.04,64.47,61.8,33.04,24.68,30.86,21.1,27.17,23.78,31.45,43.69,39.16,29.18,28.23,85.22,67.56,82.94,52.34,30.09,71.04,40.57,31.14,18.63,10.02,25.66,29.18,6.42,39.88,16.53,15.64,19.99,79.94,9.93,42.42,39.48,7.75,71.78,77.34,70.15,78.42,74.76,82.0,78.27,85.85,61.2,79.21,30.3
Mihaiii/Venusaur,48.17107142857141,73.18,79.99,39.66,77.95,44.38,73.02,89.87,71.03,67.75,72.36,64.41,59.66,31.76,21.06,29.84,18.34,27.42,22.41,26.71,44.14,32.84,27.48,26.09,89.26,69.26,83.19,53.77,29.92,70.82,43.14,34.8,19.16,8.35,21.32,26.08,11.71,38.38,16.96,14.02,20.74,74.94,9.39,46.0,30.27,10.51,77.59,74.68,54.35,74.24,69.99,75.74,73.65,84.81,62.56,76.72,29.91
Muennighoff/SGPT-125M-weightedmean-nli-bitfit,45.97035714285713,65.88,74.94,35.1,74.68,42.23,62.9,81.52,58.24,58.08,66.34,62.79,54.82,34.74,24.68,28.93,23.08,28.3,24.93,33.76,41.01,44.59,28.23,28.24,77.73,57.09,80.51,52.63,29.27,68.36,39.97,31.04,20.29,11.01,10.87,18.4,8.94,17.73,6.27,11.8,7.63,78.96,7.13,31.79,39.31,12.27,70.93,74.57,69.17,77.23,70.99,79.74,77.93,87.33,59.64,79.54,30.26
unsup-simcse-bert-base-uncased,45.447499999999984,67.09,74.48,33.85,73.55,42.22,69.63,81.71,59.23,59.84,66.25,68.82,53.36,32.61,24.68,24.9,19.55,23.6,21.97,32.18,45.14,43.07,28.5,23.21,69.41,60.21,81.37,51.57,28.62,66.33,39.35,38.34,13.22,11.8,15.04,21.06,9.84,19.75,9.35,9.88,11.69,78.03,5.5,25.72,26.2,8.9,72.31,72.24,66.05,81.49,73.61,79.72,78.12,83.58,59.65,76.52,31.15
komninos,42.0575,60.54,59.59,31.01,67.05,33.18,63.98,78.57,57.07,57.21,66.11,67.76,49.68,34.73,26.01,29.76,20.71,26.65,21.5,28.84,7.37,39.04,30.23,27.42,85.55,53.85,79.41,50.88,28.92,63.55,35.65,30.96,16.79,14.87,15.88,15.56,10.49,20.77,9.75,11.79,12.75,71.57,8.47,29.53,35.92,13.17,50.25,55.49,53.51,70.8,63.56,74.08,64.6,76.91,53.89,61.55,30.49
glove.6B.300d,41.96499999999999,56.91,60.32,29.67,67.69,36.93,62.57,79.11,55.85,56.19,66.03,65.4,50.8,32.56,23.14,29.27,19.18,26.12,20.38,28.46,35.82,35.8,28.51,25.83,86.96,48.45,77.35,49.57,27.01,62.56,34.03,36.3,15.47,14.44,18.28,14.99,10.09,19.18,9.6,13.87,12.87,71.32,8.04,29.58,36.22,13.99,44.93,55.43,54.64,69.16,60.81,72.31,65.34,77.95,56.35,61.54,28.87
allenai-specter,40.27732142857143,58.7,57.77,26.26,66.66,24.82,56.35,74.53,50.05,51.73,58.58,57.44,45.52,44.75,35.27,39.52,34.53,35.04,31.66,24.13,35.06,39.01,31.46,24.22,71.63,43.25,69.22,50.07,24.8,81.31,36.22,32.67,14.6,6.86,4.14,5.45,5.64,5.46,5.59,0.85,5.99,64.65,0.0,47.88,29.91,8.46,64.95,56.39,62.49,58.7,54.87,62.54,64.27,69.63,55.06,61.26,27.66
bert-base-uncased,38.32625,74.25,71.33,33.56,63.41,35.28,65.35,82.63,68.14,59.88,64.28,70.0,51.81,35.19,27.51,30.12,24.77,26.09,23.6,27.24,43.32,43.58,26.55,23.35,36.81,55.9,76.29,45.84,28.37,64.94,34.62,28.29,5.51,5.41,4.13,3.3,2.19,8.26,1.91,4.3,2.62,61.03,2.82,13.34,14.74,0.97,54.7,58.65,30.87,59.89,47.73,60.29,63.73,64.1,56.37,47.29,29.82
